db,rep,algorithm,steps,ms,ok,verified,note
12,0,bsgs,122,0.489,1,1,prime-order synthetic
12,0,rho,309074,1005.384,1,1,prime-order synthetic
12,0,kanga,12335,60.419,1,1,prime-order synthetic
12,0,pir,309074,1002.939,1,1,prime-order synthetic
12,0,grover,50,0.000,1,1,prime-order synthetic
12,1,bsgs,111,0.432,1,1,prime-order synthetic
12,1,rho,388634,1105.563,1,1,prime-order synthetic
12,1,kanga,14284,60.756,1,1,prime-order synthetic
12,1,pir,388634,1067.236,1,1,prime-order synthetic
12,1,grover,50,0.000,1,1,prime-order synthetic
12,2,bsgs,108,0.363,1,1,prime-order synthetic
12,2,rho,410899,1136.838,1,1,prime-order synthetic
12,2,kanga,15801,65.777,1,1,prime-order synthetic
12,2,pir,410899,1138.001,1,1,prime-order synthetic
12,2,grover,50,0.000,1,1,prime-order synthetic
16,0,bsgs,443,1.261,1,1,prime-order synthetic
16,0,rho,210882,587.598,1,1,prime-order synthetic
16,0,kanga,30223,134.962,1,1,prime-order synthetic
16,0,pir,210882,575.466,1,1,prime-order synthetic
16,1,bsgs,350,1.041,1,1,prime-order synthetic
16,1,rho,955880,2713.875,1,1,prime-order synthetic
16,1,kanga,16439,79.979,1,1,prime-order synthetic
16,1,pir,467964,1285.965,1,1,prime-order synthetic
16,2,bsgs,284,0.793,1,1,prime-order synthetic
16,2,rho,161281,448.218,1,1,prime-order synthetic
16,2,kanga,6405,28.780,1,1,prime-order synthetic
16,2,pir,161281,450.234,1,1,prime-order synthetic
20,0,bsgs,1961,5.198,1,1,prime-order synthetic
20,0,rho,164697,466.103,1,1,prime-order synthetic
20,0,kanga,248679,1142.382,1,1,prime-order synthetic
20,0,pir,164697,453.508,1,1,prime-order synthetic
20,1,bsgs,1543,4.056,1,1,prime-order synthetic
20,1,rho,269933,743.523,1,1,prime-order synthetic
20,1,kanga,88539,417.884,1,1,prime-order synthetic
20,1,pir,269933,746.428,1,1,prime-order synthetic
20,2,bsgs,1033,2.675,1,1,prime-order synthetic
20,2,rho,591175,1651.084,1,1,prime-order synthetic
20,2,kanga,51904,237.393,1,1,prime-order synthetic
20,2,pir,558780,1617.125,1,1,prime-order synthetic
24,0,bsgs,6192,16.320,1,1,prime-order synthetic
24,0,rho,337257,937.495,1,1,prime-order synthetic
24,0,kanga,589364,2947.701,1,1,prime-order synthetic
24,0,pir,264816,748.346,1,1,prime-order synthetic
24,1,bsgs,4406,11.311,1,1,prime-order synthetic
24,1,rho,570032,1567.113,1,1,prime-order synthetic
24,1,kanga,115270,561.472,1,1,prime-order synthetic
24,1,pir,401974,1111.440,1,1,prime-order synthetic
24,2,bsgs,6359,16.886,1,1,prime-order synthetic
24,2,rho,531569,1475.208,1,1,prime-order synthetic
24,2,kanga,329825,1638.851,1,1,prime-order synthetic
24,2,pir,350027,955.900,1,1,prime-order synthetic
28,0,bsgs,26951,70.823,1,1,prime-order synthetic
28,0,rho,388695,1079.447,1,1,prime-order synthetic
28,0,kanga,2629174,13631.679,1,1,prime-order synthetic
28,0,pir,153528,422.849,1,1,prime-order synthetic
28,1,bsgs,28298,76.488,1,1,prime-order synthetic
28,1,rho,816649,2316.857,1,1,prime-order synthetic
28,1,kanga,3210639,16535.096,1,1,prime-order synthetic
28,1,pir,425707,1213.220,1,1,prime-order synthetic
28,2,bsgs,24894,70.928,1,1,prime-order synthetic
28,2,rho,197226,574.149,1,1,prime-order synthetic
28,2,kanga,891725,4635.852,1,1,prime-order synthetic
28,2,pir,197226,547.019,1,1,prime-order synthetic
