FIELD,naive,add,1.913
FIELD,naive,sub,1.905
FIELD,naive,mul,1.905
FIELD,naive,sqr,1.900
FIELD,naive,inv,83.406
FIELD,barrett,add,1.977
FIELD,barrett,sub,1.917
FIELD,barrett,mul,2.163
FIELD,barrett,sqr,2.229
FIELD,barrett,inv,89.491
FIELD,mont,add,2.011
FIELD,mont,sub,1.905
FIELD,mont,mul,2.727
FIELD,mont,sqr,2.448
FIELD,mont,inv,90.581
FIELD,pseudo,add,1.956
FIELD,pseudo,sub,1.930
FIELD,pseudo,mul,1.951
FIELD,pseudo,sqr,1.991
FIELD,pseudo,inv,83.412
EC,naive,affine_dbl,110.328
EC,naive,affine_add,105.234
EC,naive,jacobian_dbl,23.694
EC,naive,jacobian_mixed_add,25.603
EC,naive,jacobian_add,28.404
EC,barrett,affine_dbl,110.472
EC,barrett,affine_add,104.148
EC,barrett,jacobian_dbl,25.504
EC,barrett,jacobian_mixed_add,23.449
EC,barrett,jacobian_add,33.238
EC,mont,affine_dbl,133.992
EC,mont,affine_add,125.357
EC,mont,jacobian_dbl,48.035
EC,mont,jacobian_mixed_add,65.920
EC,mont,jacobian_add,82.458
EC,pseudo,affine_dbl,114.841
EC,pseudo,affine_add,107.017
EC,pseudo,jacobian_dbl,39.535
EC,pseudo,jacobian_mixed_add,34.815
EC,pseudo,jacobian_add,45.204
