kind,strategy,op,O2,O3,Ofast,native,best,best_flag
EC,barrett,affine_add,104.148,106.014,101.385,103.666,101.385,Ofast
EC,barrett,affine_dbl,110.472,112.173,107.704,110.792,107.704,Ofast
EC,barrett,jacobian_add,33.238,34.912,33.177,35.208,33.177,Ofast
EC,barrett,jacobian_dbl,25.504,16.015,16.615,17.093,16.015,O3
EC,barrett,jacobian_mixed_add,23.449,20.149,18.391,19.454,18.391,Ofast
EC,mont,affine_add,125.357,123.623,125.762,119.845,119.845,native
EC,mont,affine_dbl,133.992,129.542,129.299,130.430,129.299,Ofast
EC,mont,jacobian_add,82.458,67.918,68.868,61.429,61.429,native
EC,mont,jacobian_dbl,48.035,36.651,36.895,34.605,34.605,native
EC,mont,jacobian_mixed_add,65.920,56.520,57.471,51.064,51.064,native
EC,naive,affine_add,105.234,106.423,107.041,102.867,102.867,native
EC,naive,affine_dbl,110.328,108.110,114.803,110.366,108.110,O3
EC,naive,jacobian_add,28.404,22.854,23.177,27.001,22.854,O3
EC,naive,jacobian_dbl,23.694,18.028,17.663,17.125,17.125,native
EC,naive,jacobian_mixed_add,25.603,20.388,20.597,19.318,19.318,native
EC,pseudo,affine_add,107.017,102.163,104.745,108.138,102.163,O3
EC,pseudo,affine_dbl,114.841,118.916,112.059,115.989,112.059,Ofast
EC,pseudo,jacobian_add,45.204,41.199,45.612,44.479,41.199,O3
EC,pseudo,jacobian_dbl,39.535,30.335,31.224,31.523,30.335,O3
EC,pseudo,jacobian_mixed_add,34.815,30.834,32.732,30.488,30.488,native
FIELD,barrett,add,1.977,2.011,1.921,2.029,1.921,Ofast
FIELD,barrett,inv,89.491,94.387,88.216,96.548,88.216,Ofast
FIELD,barrett,mul,2.163,2.157,2.149,2.103,2.103,native
FIELD,barrett,sqr,2.229,2.084,2.043,2.092,2.043,Ofast
FIELD,barrett,sub,1.917,1.977,1.958,1.988,1.917,O2
FIELD,mont,add,2.011,1.921,2.131,1.912,1.912,native
FIELD,mont,inv,90.581,87.809,94.504,94.457,87.809,O3
FIELD,mont,mul,2.727,2.888,5.085,2.624,2.624,native
FIELD,mont,sqr,2.448,2.544,4.973,2.430,2.430,native
FIELD,mont,sub,1.905,2.089,1.988,2.107,1.905,O2
FIELD,naive,add,1.913,2.019,1.917,2.138,1.913,O2
FIELD,naive,inv,83.406,86.816,97.323,90.733,83.406,O2
FIELD,naive,mul,1.905,1.930,1.916,1.953,1.905,O2
FIELD,naive,sqr,1.900,2.051,1.979,2.305,1.900,O2
FIELD,naive,sub,1.905,1.958,2.065,1.915,1.905,O2
FIELD,pseudo,add,1.956,2.165,1.897,2.027,1.897,Ofast
FIELD,pseudo,inv,83.412,87.440,90.912,82.426,82.426,native
FIELD,pseudo,mul,1.951,2.037,2.043,1.915,1.915,native
FIELD,pseudo,sqr,1.991,1.969,1.968,1.936,1.936,native
FIELD,pseudo,sub,1.930,1.902,1.971,2.041,1.902,O3
