CPUINFO,vendor,AuthenticAMD
CPUINFO,note,leaf4_not_exposed_VM;_hierarchy_from_gather_probes
# wset=2^D points; ptsize=dbl:12B / add:12B / gather:8B
exp,d_points,footprint_bytes,ns_per_op
dbl,10,12288,17.166
dbl,11,24576,17.631
dbl,12,49152,17.500
dbl,13,98304,17.533
dbl,14,196608,18.380
dbl,15,393216,16.850
dbl,16,786432,16.544
dbl,17,1572864,17.406
dbl,18,3145728,18.920
dbl,19,6291456,18.349
dbl,20,12582912,18.856
dbl,21,25165824,18.223
dbl,22,50331648,16.579
add,10,12288,25.967
add,11,24576,24.305
add,12,49152,26.602
add,13,98304,25.534
add,14,196608,22.592
add,15,393216,30.445
add,16,786432,26.027
add,17,1572864,24.156
add,18,3145728,23.858
add,19,6291456,25.614
add,20,12582912,23.063
add,21,25165824,25.541
add,22,50331648,23.716
gather_rand,12,32768,2.145
gather_rand,13,65536,2.248
gather_rand,14,131072,2.146
gather_rand,15,262144,2.239
gather_rand,16,524288,2.293
gather_rand,17,1048576,2.377
gather_rand,18,2097152,2.875
gather_rand,19,4194304,5.662
gather_rand,20,8388608,6.992
gather_rand,21,16777216,7.400
gather_rand,22,33554432,7.953
gather_rand,23,67108864,9.176
gather_rand,24,134217728,10.672
gather_stride67,12,32768,2.311
gather_stride67,13,65536,2.289
gather_stride67,14,131072,2.269
gather_stride67,15,262144,2.210
gather_stride67,16,524288,2.255
gather_stride67,17,1048576,2.412
gather_stride67,18,2097152,2.622
gather_stride67,19,4194304,3.046
gather_stride67,20,8388608,4.242
gather_stride67,21,16777216,4.288
gather_stride67,22,33554432,4.712
gather_stride67,23,67108864,5.060
gather_stride67,24,134217728,5.340
