config,db,b,K,wcm,steps,wall_ms,ns_per_step,addressable_2^b,dps,verified
config,24,2,8,3,6602,3.184,482.29,4,1294,1
config,24,2,8,6,4970,4.410,887.40,4,1109,1
config,24,2,8,12,3127,2.398,766.81,4,722,1
config,24,2,8,24,2959,1.402,473.88,4,485,1
config,24,2,16,3,3360,1.500,446.46,4,669,1
config,24,2,16,6,9218,3.804,412.66,4,2063,1
config,24,2,16,12,3792,1.458,384.55,4,845,1
config,24,2,16,24,4258,1.400,328.86,4,676,1
config,24,2,32,3,14090,4.476,317.69,4,3294,1
config,24,2,32,6,6491,2.641,406.89,4,1432,1
config,24,2,32,12,6034,1.947,322.62,4,1134,1
config,24,2,32,24,8445,2.670,316.21,4,1669,1
config,24,2,64,3,13495,4.270,316.44,4,2970,1
config,24,2,64,6,4183,1.526,364.69,4,956,1
config,24,2,64,12,7866,2.659,338.04,4,1895,1
config,24,2,64,24,6708,2.206,328.82,4,1434,1
config,24,4,8,3,7731,1.191,154.02,16,173,1
config,24,4,8,6,16011,2.204,137.66,16,691,1
config,24,4,8,12,17420,3.011,172.83,16,918,1
config,24,4,8,24,5806,1.309,225.46,16,182,1
config,24,4,16,3,17257,2.310,133.87,16,923,1
config,24,4,16,6,9281,1.332,143.55,16,397,1
config,24,4,16,12,7963,1.211,152.08,16,228,1
config,24,4,16,24,15872,2.150,135.48,16,693,1
config,24,4,32,3,8250,1.237,149.89,16,299,1
config,24,4,32,6,12900,1.864,144.51,16,476,1
config,24,4,32,12,16483,2.196,133.20,16,674,1
config,24,4,32,24,7871,1.223,155.38,16,372,1
config,24,4,64,3,8230,1.254,152.38,16,300,1
config,24,4,64,6,8383,1.252,149.35,16,303,1
config,24,4,64,12,8050,1.209,150.16,16,172,1
config,24,4,64,24,7969,1.197,150.18,16,315,1
config,24,6,8,3,30866,2.613,84.66,64,177,1
config,24,6,8,6,30295,2.679,88.41,64,137,1
config,24,6,8,12,30311,2.519,83.12,64,92,1
config,24,6,8,24,33661,2.880,85.55,64,168,1
config,24,6,16,3,30812,2.501,81.16,64,99,1
config,24,6,16,6,27588,2.434,88.23,64,33,1
config,24,6,16,12,29575,2.445,82.67,64,222,1
config,24,6,16,24,28328,2.311,81.58,64,81,1
config,24,6,32,3,27298,2.354,86.25,64,127,1
config,24,6,32,6,25623,2.358,92.03,64,30,1
config,24,6,32,12,32234,2.716,84.25,64,311,1
config,24,6,32,24,29222,2.561,87.65,64,121,1
config,24,6,64,3,32009,2.591,80.95,64,256,1
config,24,6,64,6,34581,2.929,84.71,64,189,1
config,24,6,64,12,28976,2.509,86.57,64,103,1
config,24,6,64,24,29875,2.598,86.95,64,96,1
config,24,8,8,3,114551,7.380,64.42,256,62,1
config,24,8,8,6,122746,8.182,66.66,256,91,1
config,24,8,8,12,126191,8.075,63.99,256,109,1
config,24,8,8,24,107824,7.265,67.38,256,34,1
config,24,8,16,3,105768,7.294,68.96,256,73,1
config,24,8,16,6,106257,7.534,70.90,256,50,1
config,24,8,16,12,104358,6.827,65.42,256,61,1
config,24,8,16,24,109246,7.629,69.83,256,75,1
config,24,8,32,3,122455,8.185,66.84,256,51,1
config,24,8,32,6,122014,8.099,66.37,256,24,1
config,24,8,32,12,109707,7.493,68.30,256,27,1
config,24,8,32,24,117952,8.195,69.48,256,58,1
config,24,8,64,3,98919,6.929,70.05,256,87,1
config,24,8,64,6,118287,7.908,66.86,256,75,1
config,24,8,64,12,106565,7.267,68.19,256,100,1
config,24,8,64,24,117343,7.493,63.85,256,65,1
config,24,10,8,3,450928,28.486,63.17,1024,35,1
config,24,10,8,6,503661,30.075,59.71,1024,10,1
config,24,10,8,12,444670,28.015,63.00,1024,20,1
config,24,10,8,24,481634,30.287,62.88,1024,33,1
config,24,10,16,3,444698,27.088,60.91,1024,27,1
config,24,10,16,6,398692,26.576,66.66,1024,42,1
config,24,10,16,12,466432,27.899,59.81,1024,24,1
config,24,10,16,24,441035,26.427,59.92,1024,15,1
config,24,10,32,3,475835,30.042,63.13,1024,22,1
config,24,10,32,6,396017,24.865,62.79,1024,21,1
config,24,10,32,12,443388,27.086,61.09,1024,14,1
config,24,10,32,24,496502,31.797,64.04,1024,29,1
config,24,10,64,3,402353,24.599,61.14,1024,37,1
config,24,10,64,6,415672,26.055,62.68,1024,19,1
config,24,10,64,12,351573,22.241,63.26,1024,15,1
config,24,10,64,24,398946,23.894,59.89,1024,10,1
config,24,12,8,3,1231961,76.930,62.44,4096,4,1
config,24,12,8,6,992339,67.169,67.69,4096,5,1
config,24,12,8,12,1503882,93.126,61.92,4096,8,1
config,24,12,8,24,1083351,73.171,67.54,4096,3,1
config,24,12,16,3,1177402,79.584,67.59,4096,6,1
config,24,12,16,6,1160352,72.418,62.41,4096,11,1
config,24,12,16,12,1559478,93.226,59.78,4096,7,1
config,24,12,16,24,1270987,65.106,51.23,4096,2,1
config,24,12,32,3,1169811,67.043,57.31,4096,12,1
config,24,12,32,6,1753032,94.521,53.92,4096,3,1
config,24,12,32,12,1344679,77.337,57.51,4096,8,1
config,24,12,32,24,1460336,81.597,55.88,4096,6,1
config,24,12,64,3,1033421,52.722,51.02,4096,5,1
config,24,12,64,6,1035236,58.675,56.68,4096,13,1
config,24,12,64,12,1152070,62.777,54.49,4096,11,1
config,24,12,64,24,1354023,77.895,57.53,4096,6,1
