n,lo,hi,lo_hex,hi_hex,address,solved,regime,exposed_pubkey,hashes_r1,ops_r2,years_r1,years_r2,tier,method,rank
1,1,1,1,1,1BgGZ9tcN4rm9KBzDn7KprQz87SZ26SAMH,1,SOLVED,0,,,,,SOLVED,n/a - public key released,
2,2,3,2,3,1CUNEBjYrCn2y1SdiUMohaKUi4wpP326Lb,1,SOLVED,0,,,,,SOLVED,n/a - public key released,
3,4,7,4,7,19ZewH8Kk1PDbSNdJ97FP4EiCjTRaZMZQA,1,SOLVED,0,,,,,SOLVED,n/a - public key released,
4,8,15,8,f,1EhqbyUMvvs7BfL8goY6qcPbD6YKfPqb7e,1,SOLVED,0,,,,,SOLVED,n/a - public key released,
5,16,31,10,1f,1E6NuFjCi27W5zoXg8TRdcSRq84zJeBW3k,1,SOLVED,0,,,,,SOLVED,n/a - public key released,
6,32,63,20,3f,1PitScNLyp2HCygzadCh7FveTnfmpPbfp8,1,SOLVED,0,,,,,SOLVED,n/a - public key released,
7,64,127,40,7f,1McVt1vMtCC7yn5b9wgX1833yCcLXzueeC,1,SOLVED,0,,,,,SOLVED,n/a - public key released,
8,128,255,80,ff,1M92tSqNmQLYw33fuBvjmeadirh1ysMBxK,1,SOLVED,0,,,,,SOLVED,n/a - public key released,
9,256,511,100,1ff,1CQFwcjw1dwhtkVWBttNLDtqL7ivBonGPV,1,SOLVED,0,,,,,SOLVED,n/a - public key released,
10,512,1023,200,3ff,1LeBZP5QCwwgXRtmVUvTVrraqPUokyLHqe,1,SOLVED,0,,,,,SOLVED,n/a - public key released,
11,1024,2047,400,7ff,1PgQVLmst3Z314JrQn5TNiys8Hc38TcXJu,1,SOLVED,0,,,,,SOLVED,n/a - public key released,
12,2048,4095,800,fff,1DBaumZxUkM4qMQRt2LVWyFJq5kDtSZQot,1,SOLVED,0,,,,,SOLVED,n/a - public key released,
13,4096,8191,1000,1fff,1Pie8JkxBT6MGPz9Nvi3fsPkr2D8q3GBc1,1,SOLVED,0,,,,,SOLVED,n/a - public key released,
14,8192,16383,2000,3fff,1ErZWg5cFCe4Vw5BzgfzB74VNLaXEiEkhk,1,SOLVED,0,,,,,SOLVED,n/a - public key released,
15,16384,32767,4000,7fff,1QCbW9HWnwQWiQqVo5exhAnmfqKRrCRsvW,1,SOLVED,0,,,,,SOLVED,n/a - public key released,
16,32768,65535,8000,ffff,1BDyrQ6WoF8VN3g9SAS1iKZcPzFfnDVieY,1,SOLVED,0,,,,,SOLVED,n/a - public key released,
17,65536,131071,10000,1ffff,1HduPEXZRdG26SUT5Yk83mLkPyjnZuJ7Bm,1,SOLVED,0,,,,,SOLVED,n/a - public key released,
18,131072,262143,20000,3ffff,1GnNTmTVLZiqQfLbAdp9DVdicEnB5GoERE,1,SOLVED,0,,,,,SOLVED,n/a - public key released,
19,262144,524287,40000,7ffff,1NWmZRpHH4XSPwsW6dsS3nrNWfL1yrJj4w,1,SOLVED,0,,,,,SOLVED,n/a - public key released,
20,524288,1048575,80000,fffff,1HsMJxNiV7TLxmoF6uJNkydxPFDog4NQum,1,SOLVED,0,,,,,SOLVED,n/a - public key released,
21,1048576,2097151,100000,1fffff,14oFNXucftsHiUMY8uctg6N487riuyXs4h,1,SOLVED,0,,,,,SOLVED,n/a - public key released,
22,2097152,4194303,200000,3fffff,1CfZWK1QTQE3eS9qn61dQjV89KDjZzfNcv,1,SOLVED,0,,,,,SOLVED,n/a - public key released,
23,4194304,8388607,400000,7fffff,1L2GM8eE7mJWLdo3HZS6su1832NX2txaac,1,SOLVED,0,,,,,SOLVED,n/a - public key released,
24,8388608,16777215,800000,ffffff,1rSnXMr63jdCuegJFuidJqWxUPV7AtUf7,1,SOLVED,0,,,,,SOLVED,n/a - public key released,
25,16777216,33554431,1000000,1ffffff,15JhYXn6Mx3oF4Y7PcTAv2wVVAuCFFQNiP,1,SOLVED,0,,,,,SOLVED,n/a - public key released,
26,33554432,67108863,2000000,3ffffff,1JVnST957hGztonaWK6FougdtjxzHzRMMg,1,SOLVED,0,,,,,SOLVED,n/a - public key released,
27,67108864,134217727,4000000,7ffffff,128z5d7nN7PkCuX5qoA4Ys6pmxUYnEy86k,1,SOLVED,0,,,,,SOLVED,n/a - public key released,
28,134217728,268435455,8000000,fffffff,12jbtzBb54r97TCwW3G1gCFoumpckRAPdY,1,SOLVED,0,,,,,SOLVED,n/a - public key released,
29,268435456,536870911,10000000,1fffffff,19EEC52krRUK1RkUAEZmQdjTyHT7Gp1TYT,1,SOLVED,0,,,,,SOLVED,n/a - public key released,
30,536870912,1073741823,20000000,3fffffff,1LHtnpd8nU5VHEMkG2TMYYNUjjLc992bps,1,SOLVED,0,,,,,SOLVED,n/a - public key released,
31,1073741824,2147483647,40000000,7fffffff,1LhE6sCTuGae42Axu1L1ZB7L96yi9irEBE,1,SOLVED,0,,,,,SOLVED,n/a - public key released,
32,2147483648,4294967295,80000000,ffffffff,1FRoHA9xewq7DjrZ1psWJVeTer8gHRqEvR,1,SOLVED,0,,,,,SOLVED,n/a - public key released,
33,4294967296,8589934591,100000000,1ffffffff,187swFMjz1G54ycVU56B7jZFHFTNVQFDiu,1,SOLVED,0,,,,,SOLVED,n/a - public key released,
34,8589934592,17179869183,200000000,3ffffffff,1PWABE7oUahG2AFFQhhvViQovnCr4rEv7Q,1,SOLVED,0,,,,,SOLVED,n/a - public key released,
35,17179869184,34359738367,400000000,7ffffffff,1PWCx5fovoEaoBowAvF5k91m2Xat9bMgwb,1,SOLVED,0,,,,,SOLVED,n/a - public key released,
36,34359738368,68719476735,800000000,fffffffff,1Be2UF9NLfyLFbtm3TCbmuocc9N1Kduci1,1,SOLVED,0,,,,,SOLVED,n/a - public key released,
37,68719476736,137438953471,1000000000,1fffffffff,14iXhn8bGajVWegZHJ18vJLHhntcpL4dex,1,SOLVED,0,,,,,SOLVED,n/a - public key released,
38,137438953472,274877906943,2000000000,3fffffffff,1HBtApAFA9B2YZw3G2YKSMCtb3dVnjuNe2,1,SOLVED,0,,,,,SOLVED,n/a - public key released,
39,274877906944,549755813887,4000000000,7fffffffff,122AJhKLEfkFBaGAd84pLp1kfE7xK3GdT8,1,SOLVED,0,,,,,SOLVED,n/a - public key released,
40,549755813888,1099511627775,8000000000,ffffffffff,1EeAxcprB2PpCnr34VfZdFrkUWuxyiNEFv,1,SOLVED,0,,,,,SOLVED,n/a - public key released,
41,1099511627776,2199023255551,10000000000,1ffffffffff,1L5sU9qvJeuwQUdt4y1eiLmquFxKjtHr3E,1,SOLVED,0,,,,,SOLVED,n/a - public key released,
42,2199023255552,4398046511103,20000000000,3ffffffffff,1E32GPWgDyeyQac4aJxm9HVoLrrEYPnM4N,1,SOLVED,0,,,,,SOLVED,n/a - public key released,
43,4398046511104,8796093022207,40000000000,7ffffffffff,1PiFuqGpG8yGM5v6rNHWS3TjsG6awgEGA1,1,SOLVED,0,,,,,SOLVED,n/a - public key released,
44,8796093022208,17592186044415,80000000000,fffffffffff,1CkR2uS7LmFwc3T2jV8C1BhWb5mQaoxedF,1,SOLVED,0,,,,,SOLVED,n/a - public key released,
45,17592186044416,35184372088831,100000000000,1fffffffffff,1NtiLNGegHWE3Mp9g2JPkgx6wUg4TW7bbk,1,SOLVED,0,,,,,SOLVED,n/a - public key released,
46,35184372088832,70368744177663,200000000000,3fffffffffff,1F3JRMWudBaj48EhwcHDdpeuy2jwACNxjP,1,SOLVED,0,,,,,SOLVED,n/a - public key released,
47,70368744177664,140737488355327,400000000000,7fffffffffff,1Pd8VvT49sHKsmqrQiP61RsVwmXCZ6ay7Z,1,SOLVED,0,,,,,SOLVED,n/a - public key released,
48,140737488355328,281474976710655,800000000000,ffffffffffff,1DFYhaB2J9q1LLZJWKTnscPWos9VBqDHzv,1,SOLVED,0,,,,,SOLVED,n/a - public key released,
49,281474976710656,562949953421311,1000000000000,1ffffffffffff,12CiUhYVTTH33w3SPUBqcpMoqnApAV4WCF,1,SOLVED,0,,,,,SOLVED,n/a - public key released,
50,562949953421312,1125899906842623,2000000000000,3ffffffffffff,1MEzite4ReNuWaL5Ds17ePKt2dCxWEofwk,1,SOLVED,0,,,,,SOLVED,n/a - public key released,
51,1125899906842624,2251799813685247,4000000000000,7ffffffffffff,1NpnQyZ7x24ud82b7WiRNvPm6N8bqGQnaS,1,SOLVED,0,,,,,SOLVED,n/a - public key released,
52,2251799813685248,4503599627370495,8000000000000,fffffffffffff,15z9c9sVpu6fwNiK7dMAFgMYSK4GqsGZim,1,SOLVED,0,,,,,SOLVED,n/a - public key released,
53,4503599627370496,9007199254740991,10000000000000,1fffffffffffff,15K1YKJMiJ4fpesTVUcByoz334rHmknxmT,1,SOLVED,0,,,,,SOLVED,n/a - public key released,
54,9007199254740992,18014398509481983,20000000000000,3fffffffffffff,1KYUv7nSvXx4642TKeuC2SNdTk326uUpFy,1,SOLVED,0,,,,,SOLVED,n/a - public key released,
55,18014398509481984,36028797018963967,40000000000000,7fffffffffffff,1LzhS3k3e9Ub8i2W1V8xQFdB8n2MYCHPCa,1,SOLVED,0,,,,,SOLVED,n/a - public key released,
56,36028797018963968,72057594037927935,80000000000000,ffffffffffffff,17aPYR1m6pVAacXg1PTDDU7XafvK1dxvhi,1,SOLVED,0,,,,,SOLVED,n/a - public key released,
57,72057594037927936,144115188075855871,100000000000000,1ffffffffffffff,15c9mPGLku1HuW9LRtBf4jcHVpBUt8txKz,1,SOLVED,0,,,,,SOLVED,n/a - public key released,
58,144115188075855872,288230376151711743,200000000000000,3ffffffffffffff,1Dn8NF8qDyyfHMktmuoQLGyjWmZXgvosXf,1,SOLVED,0,,,,,SOLVED,n/a - public key released,
59,288230376151711744,576460752303423487,400000000000000,7ffffffffffffff,1HAX2n9Uruu9YDt4cqRgYcvtGvZj1rbUyt,1,SOLVED,0,,,,,SOLVED,n/a - public key released,
60,576460752303423488,1152921504606846975,800000000000000,fffffffffffffff,1Kn5h2qpgw9mWE5jKpk8PP4qvvJ1QVy8su,1,SOLVED,0,,,,,SOLVED,n/a - public key released,
61,1152921504606846976,2305843009213693951,1000000000000000,1fffffffffffffff,1AVJKwzs9AskraJLGHAZPiaZcrpDr1U6AB,1,SOLVED,0,,,,,SOLVED,n/a - public key released,
62,2305843009213693952,4611686018427387903,2000000000000000,3fffffffffffffff,1Me6EfpwZK5kQziBwBfvLiHjaPGxCKLoJi,1,SOLVED,0,,,,,SOLVED,n/a - public key released,
63,4611686018427387904,9223372036854775807,4000000000000000,7fffffffffffffff,1NpYjtLira16LfGbGwZJ5JbDPh3ai9bjf4,1,SOLVED,0,,,,,SOLVED,n/a - public key released,
64,9223372036854775808,18446744073709551615,8000000000000000,ffffffffffffffff,16jY7qLJnxb7CHZyqBP8qca9d51gAjyXQN,1,SOLVED,0,,,,,SOLVED,n/a - public key released,
65,18446744073709551616,36893488147419103231,10000000000000000,1ffffffffffffffff,18ZMbwUFLMHoZBbfpCjUJQTCMCbktshgpe,1,SOLVED,0,,,,,SOLVED,n/a - public key released,
66,36893488147419103232,73786976294838206463,20000000000000000,3ffffffffffffffff,13zb1hQbWVsc2S7ZTZnP2G4undNNpdh5so,1,SOLVED,0,,,,,SOLVED,n/a - public key released,
67,73786976294838206464,147573952589676412927,40000000000000000,7ffffffffffffffff,1BY8GQbnueYofwSuFAT3USAhGjPrkxDdW9,1,SOLVED,0,,,,,SOLVED,n/a - public key released,
68,147573952589676412928,295147905179352825855,80000000000000000,fffffffffffffffff,1MVDYgVaSN6iKKEsbzRUAYFrYJadLYZvvZ,1,SOLVED,0,,,,,SOLVED,n/a - public key released,
69,295147905179352825856,590295810358705651711,100000000000000000,1fffffffffffffffff,19vkiEajfhuZ8bs8Zu2jgmC6oqZbWqhxhG,1,SOLVED,0,,,,,SOLVED,n/a - public key released,
70,590295810358705651712,1180591620717411303423,200000000000000000,3fffffffffffffffff,19YZECXj3SxEZMoUeJ1yiPsw8xANe7M7QR,1,SOLVED,0,,,,,SOLVED,n/a - public key released,
71,1180591620717411303424,2361183241434822606847,400000000000000000,7fffffffffffffffff,1PWo3JeB9jrGwfHDNpdGK54CRas7fsVzXU,0,R1,0,1180591620717411303424,,1.5e+04,,EXTREME,hash scan (SHA256+RIPEMD160 compare),2
72,2361183241434822606848,4722366482869645213695,800000000000000000,ffffffffffffffffff,1JTK7s9YVYywfm5XUH7RNhHJH1LshCaRFR,0,R1,0,2361183241434822606848,,2.99e+04,,EXTREME,hash scan (SHA256+RIPEMD160 compare),3
73,4722366482869645213696,9444732965739290427391,1000000000000000000,1ffffffffffffffffff,12VVRNPi4SJqUTsp6FmqDqY5sGosDtysn4,0,R1,0,4722366482869645213696,,5.99e+04,,EXTREME,hash scan (SHA256+RIPEMD160 compare),5
74,9444732965739290427392,18889465931478580854783,2000000000000000000,3ffffffffffffffffff,1FWGcVDK3JGzCC3WtkYetULPszMaK2Jksv,0,R1,0,9444732965739290427392,,1.2e+05,,EXTREME,hash scan (SHA256+RIPEMD160 compare),6
75,18889465931478580854784,37778931862957161709567,4000000000000000000,7ffffffffffffffffff,1J36UjUByGroXcCvmj13U6uwaVv9caEeAt,1,SOLVED,0,,,,,SOLVED,n/a - public key released,
76,37778931862957161709568,75557863725914323419135,8000000000000000000,fffffffffffffffffff,1DJh2eHFYQfACPmrvpyWc8MSTYKh7w9eRF,0,R1,0,37778931862957161709568,,4.79e+05,,EXTREME,hash scan (SHA256+RIPEMD160 compare),8
77,75557863725914323419136,151115727451828646838271,10000000000000000000,1fffffffffffffffffff,1Bxk4CQdqL9p22JEtDfdXMsng1XacifUtE,0,R1,0,75557863725914323419136,,9.58e+05,,EXTREME,hash scan (SHA256+RIPEMD160 compare),9
78,151115727451828646838272,302231454903657293676543,20000000000000000000,3fffffffffffffffffff,15qF6X51huDjqTmF9BJgxXdt1xcj46Jmhb,0,R1,0,151115727451828646838272,,1.92e+06,,EXTREME,hash scan (SHA256+RIPEMD160 compare),11
79,302231454903657293676544,604462909807314587353087,40000000000000000000,7fffffffffffffffffff,1ARk8HWJMn8js8tQmGUJeQHjSE7KRkn2t8,0,R1,0,302231454903657293676544,,3.83e+06,,EXTREME,hash scan (SHA256+RIPEMD160 compare),12
80,604462909807314587353088,1208925819614629174706175,80000000000000000000,ffffffffffffffffffff,1BCf6rHUW6m3iH2ptsvnjgLruAiPQQepLe,1,SOLVED,0,,,,,SOLVED,n/a - public key released,
81,1208925819614629174706176,2417851639229258349412351,100000000000000000000,1ffffffffffffffffffff,15qsCm78whspNQFydGJQk5rexzxTQopnHZ,0,R1,0,1208925819614629174706176,,1.53e+07,,EXTREME,hash scan (SHA256+RIPEMD160 compare),14
82,2417851639229258349412352,4835703278458516698824703,200000000000000000000,3ffffffffffffffffffff,13zYrYhhJxp6Ui1VV7pqa5WDhNWM45ARAC,0,R1,0,2417851639229258349412352,,3.06e+07,,EXTREME,hash scan (SHA256+RIPEMD160 compare),15
83,4835703278458516698824704,9671406556917033397649407,400000000000000000000,7ffffffffffffffffffff,14MdEb4eFcT3MVG5sPFG4jGLuHJSnt1Dk2,0,R1,0,4835703278458516698824704,,6.13e+07,,EXTREME,hash scan (SHA256+RIPEMD160 compare),16
84,9671406556917033397649408,19342813113834066795298815,800000000000000000000,fffffffffffffffffffff,1CMq3SvFcVEcpLMuuH8PUcNiqsK1oicG2D,0,R1,0,9671406556917033397649408,,1.23e+08,,EXTREME,hash scan (SHA256+RIPEMD160 compare),17
85,19342813113834066795298816,38685626227668133590597631,1000000000000000000000,1fffffffffffffffffffff,1Kh22PvXERd2xpTQk3ur6pPEqFeckCJfAr,1,SOLVED,0,,,,,SOLVED,n/a - public key released,
86,38685626227668133590597632,77371252455336267181195263,2000000000000000000000,3fffffffffffffffffffff,1K3x5L6G57Y494fDqBfrojD28UJv4s5JcK,0,R1,0,38685626227668133590597632,,4.9e+08,,EXTREME,hash scan (SHA256+RIPEMD160 compare),18
87,77371252455336267181195264,154742504910672534362390527,4000000000000000000000,7fffffffffffffffffffff,1PxH3K1Shdjb7gSEoTX7UPDZ6SH4qGPrvq,0,R1,0,77371252455336267181195264,,9.81e+08,,EXTREME,hash scan (SHA256+RIPEMD160 compare),19
88,154742504910672534362390528,309485009821345068724781055,8000000000000000000000,ffffffffffffffffffffff,16AbnZjZZipwHMkYKBSfswGWKDmXHjEpSf,0,R1,0,154742504910672534362390528,,1.96e+09,,EXTREME,hash scan (SHA256+RIPEMD160 compare),20
89,309485009821345068724781056,618970019642690137449562111,10000000000000000000000,1ffffffffffffffffffffff,19QciEHbGVNY4hrhfKXmcBBCrJSBZ6TaVt,0,R1,0,309485009821345068724781056,,3.92e+09,,EXTREME,hash scan (SHA256+RIPEMD160 compare),21
90,618970019642690137449562112,1237940039285380274899124223,20000000000000000000000,3ffffffffffffffffffffff,1L12FHH2FHjvTviyanuiFVfmzCy46RRATU,1,SOLVED,0,,,,,SOLVED,n/a - public key released,
91,1237940039285380274899124224,2475880078570760549798248447,40000000000000000000000,7ffffffffffffffffffffff,1EzVHtmbN4fs4MiNk3ppEnKKhsmXYJ4s74,0,R1,0,1237940039285380274899124224,,1.57e+10,,EXTREME,hash scan (SHA256+RIPEMD160 compare),22
92,2475880078570760549798248448,4951760157141521099596496895,80000000000000000000000,fffffffffffffffffffffff,1AE8NzzgKE7Yhz7BWtAcAAxiFMbPo82NB5,0,R1,0,2475880078570760549798248448,,3.14e+10,,EXTREME,hash scan (SHA256+RIPEMD160 compare),23
93,4951760157141521099596496896,9903520314283042199192993791,100000000000000000000000,1fffffffffffffffffffffff,17Q7tuG2JwFFU9rXVj3uZqRtioH3mx2Jad,0,R1,0,4951760157141521099596496896,,6.28e+10,,EXTREME,hash scan (SHA256+RIPEMD160 compare),24
94,9903520314283042199192993792,19807040628566084398385987583,200000000000000000000000,3fffffffffffffffffffffff,1K6xGMUbs6ZTXBnhw1pippqwK6wjBWtNpL,0,R1,0,9903520314283042199192993792,,1.26e+11,,EXTREME,hash scan (SHA256+RIPEMD160 compare),25
95,19807040628566084398385987584,39614081257132168796771975167,400000000000000000000000,7fffffffffffffffffffffff,19eVSDuizydXxhohGh8Ki9WY9KsHdSwoQC,1,SOLVED,0,,,,,SOLVED,n/a - public key released,
96,39614081257132168796771975168,79228162514264337593543950335,800000000000000000000000,ffffffffffffffffffffffff,15ANYzzCp5BFHcCnVFzXqyibpzgPLWaD8b,0,R1,0,39614081257132168796771975168,,5.02e+11,,EXTREME,hash scan (SHA256+RIPEMD160 compare),26
97,79228162514264337593543950336,158456325028528675187087900671,1000000000000000000000000,1ffffffffffffffffffffffff,18ywPwj39nGjqBrQJSzZVq2izR12MDpDr8,0,R1,0,79228162514264337593543950336,,1e+12,,EXTREME,hash scan (SHA256+RIPEMD160 compare),27
98,158456325028528675187087900672,316912650057057350374175801343,2000000000000000000000000,3ffffffffffffffffffffffff,1CaBVPrwUxbQYYswu32w7Mj4HR4maNoJSX,0,R1,0,158456325028528675187087900672,,2.01e+12,,EXTREME,hash scan (SHA256+RIPEMD160 compare),28
99,316912650057057350374175801344,633825300114114700748351602687,4000000000000000000000000,7ffffffffffffffffffffffff,1JWnE6p6UN7ZJBN7TtcbNDoRcjFtuDWoNL,0,R1,0,316912650057057350374175801344,,4.02e+12,,EXTREME,hash scan (SHA256+RIPEMD160 compare),29
100,633825300114114700748351602688,1267650600228229401496703205375,8000000000000000000000000,fffffffffffffffffffffffff,1KCgMv8fo2TPBpddVi9jqmMmcne9uSNJ5F,1,SOLVED,0,,,,,SOLVED,n/a - public key released,
101,1267650600228229401496703205376,2535301200456458802993406410751,10000000000000000000000000,1fffffffffffffffffffffffff,1CKCVdbDJasYmhswB6HKZHEAnNaDpK7W4n,0,R1,0,1267650600228229401496703205376,,1.61e+13,,EXTREME,hash scan (SHA256+RIPEMD160 compare),30
102,2535301200456458802993406410752,5070602400912917605986812821503,20000000000000000000000000,3fffffffffffffffffffffffff,1PXv28YxmYMaB8zxrKeZBW8dt2HK7RkRPX,0,R1,0,2535301200456458802993406410752,,3.21e+13,,EXTREME,hash scan (SHA256+RIPEMD160 compare),31
103,5070602400912917605986812821504,10141204801825835211973625643007,40000000000000000000000000,7fffffffffffffffffffffffff,1AcAmB6jmtU6AiEcXkmiNE9TNVPsj9DULf,0,R1,0,5070602400912917605986812821504,,6.43e+13,,EXTREME,hash scan (SHA256+RIPEMD160 compare),32
104,10141204801825835211973625643008,20282409603651670423947251286015,80000000000000000000000000,ffffffffffffffffffffffffff,1EQJvpsmhazYCcKX5Au6AZmZKRnzarMVZu,0,R1,0,10141204801825835211973625643008,,1.29e+14,,EXTREME,hash scan (SHA256+RIPEMD160 compare),33
105,20282409603651670423947251286016,40564819207303340847894502572031,100000000000000000000000000,1ffffffffffffffffffffffffff,1CMjscKB3QW7SDyQ4c3C3DEUHiHRhiZVib,1,SOLVED,0,,,,,SOLVED,n/a - public key released,
106,40564819207303340847894502572032,81129638414606681695789005144063,200000000000000000000000000,3ffffffffffffffffffffffffff,18KsfuHuzQaBTNLASyj15hy4LuqPUo1FNB,0,R1,0,40564819207303340847894502572032,,5.14e+14,,EXTREME,hash scan (SHA256+RIPEMD160 compare),34
107,81129638414606681695789005144064,162259276829213363391578010288127,400000000000000000000000000,7ffffffffffffffffffffffffff,15EJFC5ZTs9nhsdvSUeBXjLAuYq3SWaxTc,0,R1,0,81129638414606681695789005144064,,1.03e+15,,EXTREME,hash scan (SHA256+RIPEMD160 compare),35
108,162259276829213363391578010288128,324518553658426726783156020576255,800000000000000000000000000,fffffffffffffffffffffffffff,1HB1iKUqeffnVsvQsbpC6dNi1XKbyNuqao,0,R1,0,162259276829213363391578010288128,,2.06e+15,,EXTREME,hash scan (SHA256+RIPEMD160 compare),36
109,324518553658426726783156020576256,649037107316853453566312041152511,1000000000000000000000000000,1fffffffffffffffffffffffffff,1GvgAXVCbA8FBjXfWiAms4ytFeJcKsoyhL,0,R1,0,324518553658426726783156020576256,,4.11e+15,,EXTREME,hash scan (SHA256+RIPEMD160 compare),37
110,649037107316853453566312041152512,1298074214633706907132624082305023,2000000000000000000000000000,3fffffffffffffffffffffffffff,12JzYkkN76xkwvcPT6AWKZtGX6w2LAgsJg,1,SOLVED,0,,,,,SOLVED,n/a - public key released,
111,1298074214633706907132624082305024,2596148429267413814265248164610047,4000000000000000000000000000,7fffffffffffffffffffffffffff,1824ZJQ7nKJ9QFTRBqn7z7dHV5EGpzUpH3,0,R1,0,1298074214633706907132624082305024,,1.65e+16,,EXTREME,hash scan (SHA256+RIPEMD160 compare),38
112,2596148429267413814265248164610048,5192296858534827628530496329220095,8000000000000000000000000000,ffffffffffffffffffffffffffff,18A7NA9FTsnJxWgkoFfPAFbQzuQxpRtCos,0,R1,0,2596148429267413814265248164610048,,3.29e+16,,EXTREME,hash scan (SHA256+RIPEMD160 compare),39
113,5192296858534827628530496329220096,10384593717069655257060992658440191,10000000000000000000000000000,1ffffffffffffffffffffffffffff,1NeGn21dUDDeqFQ63xb2SpgUuXuBLA4WT4,0,R1,0,5192296858534827628530496329220096,,6.58e+16,,EXTREME,hash scan (SHA256+RIPEMD160 compare),40
114,10384593717069655257060992658440192,20769187434139310514121985316880383,20000000000000000000000000000,3ffffffffffffffffffffffffffff,174SNxfqpdMGYy5YQcfLbSTK3MRNZEePoy,0,R1,0,10384593717069655257060992658440192,,1.32e+17,,EXTREME,hash scan (SHA256+RIPEMD160 compare),41
115,20769187434139310514121985316880384,41538374868278621028243970633760767,40000000000000000000000000000,7ffffffffffffffffffffffffffff,1NLbHuJebVwUZ1XqDjsAyfTRUPwDQbemfv,1,SOLVED,0,,,,,SOLVED,n/a - public key released,
116,41538374868278621028243970633760768,83076749736557242056487941267521535,80000000000000000000000000000,fffffffffffffffffffffffffffff,1MnJ6hdhvK37VLmqcdEwqC3iFxyWH2PHUV,0,R1,0,41538374868278621028243970633760768,,5.27e+17,,EXTREME,hash scan (SHA256+RIPEMD160 compare),42
117,83076749736557242056487941267521536,166153499473114484112975882535043071,100000000000000000000000000000,1fffffffffffffffffffffffffffff,1KNRfGWw7Q9Rmwsc6NT5zsdvEb9M2Wkj5Z,0,R1,0,83076749736557242056487941267521536,,1.05e+18,,EXTREME,hash scan (SHA256+RIPEMD160 compare),43
118,166153499473114484112975882535043072,332306998946228968225951765070086143,200000000000000000000000000000,3fffffffffffffffffffffffffffff,1PJZPzvGX19a7twf5HyD2VvNiPdHLzm9F6,0,R1,0,166153499473114484112975882535043072,,2.11e+18,,EXTREME,hash scan (SHA256+RIPEMD160 compare),44
119,332306998946228968225951765070086144,664613997892457936451903530140172287,400000000000000000000000000000,7fffffffffffffffffffffffffffff,1GuBBhf61rnvRe4K8zu8vdQB3kHzwFqSy7,0,R1,0,332306998946228968225951765070086144,,4.21e+18,,EXTREME,hash scan (SHA256+RIPEMD160 compare),45
120,664613997892457936451903530140172288,1329227995784915872903807060280344575,800000000000000000000000000000,ffffffffffffffffffffffffffffff,17s2b9ksz5y7abUm92cHwG8jEPCzK3dLnT,1,SOLVED,0,,,,,SOLVED,n/a - public key released,
121,1329227995784915872903807060280344576,2658455991569831745807614120560689151,1000000000000000000000000000000,1ffffffffffffffffffffffffffffff,1GDSuiThEV64c166LUFC9uDcVdGjqkxKyh,0,R1,0,~1.33e+36,,1.68e+19,,EXTREME,hash scan (SHA256+RIPEMD160 compare),46
122,2658455991569831745807614120560689152,5316911983139663491615228241121378303,2000000000000000000000000000000,3ffffffffffffffffffffffffffffff,1Me3ASYt5JCTAK2XaC32RMeH34PdprrfDx,0,R1,0,~2.66e+36,,3.37e+19,,EXTREME,hash scan (SHA256+RIPEMD160 compare),47
123,5316911983139663491615228241121378304,10633823966279326983230456482242756607,4000000000000000000000000000000,7ffffffffffffffffffffffffffffff,1CdufMQL892A69KXgv6UNBD17ywWqYpKut,0,R1,0,~5.32e+36,,6.74e+19,,EXTREME,hash scan (SHA256+RIPEMD160 compare),48
124,10633823966279326983230456482242756608,21267647932558653966460912964485513215,8000000000000000000000000000000,fffffffffffffffffffffffffffffff,1BkkGsX9ZM6iwL3zbqs7HWBV7SvosR6m8N,0,R1,0,~1.06e+37,,1.35e+20,,EXTREME,hash scan (SHA256+RIPEMD160 compare),49
125,21267647932558653966460912964485513216,42535295865117307932921825928971026431,10000000000000000000000000000000,1fffffffffffffffffffffffffffffff,1PXAyUB8ZoH3WD8n5zoAthYjN15yN5CVq5,1,SOLVED,0,,,,,SOLVED,n/a - public key released,
126,42535295865117307932921825928971026432,85070591730234615865843651857942052863,20000000000000000000000000000000,3fffffffffffffffffffffffffffffff,1AWCLZAjKbV1P7AHvaPNCKiB7ZWVDMxFiz,0,R1,0,~4.25e+37,,5.39e+20,,EXTREME,hash scan (SHA256+RIPEMD160 compare),50
127,85070591730234615865843651857942052864,170141183460469231731687303715884105727,40000000000000000000000000000000,7fffffffffffffffffffffffffffffff,1G6EFyBRU86sThN3SSt3GrHu1sA7w7nzi4,0,R1,0,~8.51e+37,,1.08e+21,,EXTREME,hash scan (SHA256+RIPEMD160 compare),51
128,170141183460469231731687303715884105728,340282366920938463463374607431768211455,80000000000000000000000000000000,ffffffffffffffffffffffffffffffff,1MZ2L1gFrCtkkn6DnTT2e4PFUTHw9gNwaj,0,R1,0,~1.70e+38,,2.16e+21,,EXTREME,hash scan (SHA256+RIPEMD160 compare),52
129,340282366920938463463374607431768211456,680564733841876926926749214863536422911,100000000000000000000000000000000,1ffffffffffffffffffffffffffffffff,1Hz3uv3nNZzBVMXLGadCucgjiCs5W9vaGz,0,R1,0,~3.40e+38,,4.31e+21,,EXTREME,hash scan (SHA256+RIPEMD160 compare),53
130,680564733841876926926749214863536422912,1361129467683753853853498429727072845823,200000000000000000000000000000000,3ffffffffffffffffffffffffffffffff,1Fo65aKq8s8iquMt6weF1rku1moWVEd5Ua,1,SOLVED,0,,,,,SOLVED,n/a - public key released,
131,1361129467683753853853498429727072845824,2722258935367507707706996859454145691647,400000000000000000000000000000000,7ffffffffffffffffffffffffffffffff,16zRPnT8znwq42q7XeMkZUhb1bKqgRogyy,0,R1,0,~1.36e+39,,1.73e+22,,EXTREME,hash scan (SHA256+RIPEMD160 compare),54
132,2722258935367507707706996859454145691648,5444517870735015415413993718908291383295,800000000000000000000000000000000,fffffffffffffffffffffffffffffffff,1KrU4dHE5WrW8rhWDsTRjR21r8t3dsrS3R,0,R1,0,~2.72e+39,,3.45e+22,,EXTREME,hash scan (SHA256+RIPEMD160 compare),55
133,5444517870735015415413993718908291383296,10889035741470030830827987437816582766591,1000000000000000000000000000000000,1fffffffffffffffffffffffffffffffff,17uDfp5r4n441xkgLFmhNoSW1KWp6xVLD,0,R1,0,~5.44e+39,,6.9e+22,,EXTREME,hash scan (SHA256+RIPEMD160 compare),56
134,10889035741470030830827987437816582766592,21778071482940061661655974875633165533183,2000000000000000000000000000000000,3fffffffffffffffffffffffffffffffff,13A3JrvXmvg5w9XGvyyR4JEJqiLz8ZySY3,0,R1,0,~1.09e+40,,1.38e+23,,EXTREME,hash scan (SHA256+RIPEMD160 compare),57
135,21778071482940061661655974875633165533184,43556142965880123323311949751266331066367,4000000000000000000000000000000000,7fffffffffffffffffffffffffffffffff,16RGFo6hjq9ym6Pj7N5H7L1NR1rVPJyw2v,1,SOLVED,0,,,,,SOLVED,n/a - public key released,
136,43556142965880123323311949751266331066368,87112285931760246646623899502532662132735,8000000000000000000000000000000000,ffffffffffffffffffffffffffffffffff,1UDHPdovvR985NrWSkdWQDEQ1xuRiTALq,0,R1,0,~4.36e+40,,5.52e+23,,EXTREME,hash scan (SHA256+RIPEMD160 compare),58
137,87112285931760246646623899502532662132736,174224571863520493293247799005065324265471,10000000000000000000000000000000000,1ffffffffffffffffffffffffffffffffff,15nf31J46iLuK1ZkTnqHo7WgN5cARFK3RA,0,R1,0,~8.71e+40,,1.1e+24,,EXTREME,hash scan (SHA256+RIPEMD160 compare),59
138,174224571863520493293247799005065324265472,348449143727040986586495598010130648530943,20000000000000000000000000000000000,3ffffffffffffffffffffffffffffffffff,1Ab4vzG6wEQBDNQM1B2bvUz4fqXXdFk2WT,0,R1,0,~1.74e+41,,2.21e+24,,EXTREME,hash scan (SHA256+RIPEMD160 compare),60
139,348449143727040986586495598010130648530944,696898287454081973172991196020261297061887,40000000000000000000000000000000000,7ffffffffffffffffffffffffffffffffff,1Fz63c775VV9fNyj25d9Xfw3YHE6sKCxbt,0,R1,0,~3.48e+41,,4.42e+24,,EXTREME,hash scan (SHA256+RIPEMD160 compare),61
140,696898287454081973172991196020261297061888,1393796574908163946345982392040522594123775,80000000000000000000000000000000000,fffffffffffffffffffffffffffffffffff,1QKBaU6WAeycb3DbKbLBkX7vJiaS8r42Xo,0,R2,1,,2361183241434822606848,,7.01e+03,EXTREME,interval DLP: Pollard kangaroo / BSGS on exposed pubkey,1
141,1393796574908163946345982392040522594123776,2787593149816327892691964784081045188247551,100000000000000000000000000000000000,1fffffffffffffffffffffffffffffffffff,1CD91Vm97mLQvXhrnoMChhJx4TP9MaQkJo,0,R1,0,~1.39e+42,,1.77e+25,,EXTREME,hash scan (SHA256+RIPEMD160 compare),62
142,2787593149816327892691964784081045188247552,5575186299632655785383929568162090376495103,200000000000000000000000000000000000,3fffffffffffffffffffffffffffffffffff,15MnK2jXPqTMURX4xC3h4mAZxyCcaWWEDD,0,R1,0,~2.79e+42,,3.53e+25,,EXTREME,hash scan (SHA256+RIPEMD160 compare),63
143,5575186299632655785383929568162090376495104,11150372599265311570767859136324180752990207,400000000000000000000000000000000000,7fffffffffffffffffffffffffffffffffff,13N66gCzWWHEZBxhVxG18P8wyjEWF9Yoi1,0,R1,0,~5.58e+42,,7.07e+25,,EXTREME,hash scan (SHA256+RIPEMD160 compare),64
144,11150372599265311570767859136324180752990208,22300745198530623141535718272648361505980415,800000000000000000000000000000000000,ffffffffffffffffffffffffffffffffffff,1NevxKDYuDcCh1ZMMi6ftmWwGrZKC6j7Ux,0,R1,0,~1.12e+43,,1.41e+26,,EXTREME,hash scan (SHA256+RIPEMD160 compare),65
145,22300745198530623141535718272648361505980416,44601490397061246283071436545296723011960831,1000000000000000000000000000000000000,1ffffffffffffffffffffffffffffffffffff,19GpszRNUej5yYqxXoLnbZWKew3KdVLkXg,0,R2,1,,18889465931478580854784,,5.61e+04,EXTREME,interval DLP: Pollard kangaroo / BSGS on exposed pubkey,4
146,44601490397061246283071436545296723011960832,89202980794122492566142873090593446023921663,2000000000000000000000000000000000000,3ffffffffffffffffffffffffffffffffffff,1M7ipcdYHey2Y5RZM34MBbpugghmjaV89P,0,R1,0,~4.46e+43,,5.65e+26,,EXTREME,hash scan (SHA256+RIPEMD160 compare),66
147,89202980794122492566142873090593446023921664,178405961588244985132285746181186892047843327,4000000000000000000000000000000000000,7ffffffffffffffffffffffffffffffffffff,18aNhurEAJsw6BAgtANpexk5ob1aGTwSeL,0,R1,0,~8.92e+43,,1.13e+27,,EXTREME,hash scan (SHA256+RIPEMD160 compare),67
148,178405961588244985132285746181186892047843328,356811923176489970264571492362373784095686655,8000000000000000000000000000000000000,fffffffffffffffffffffffffffffffffffff,1FwZXt6EpRT7Fkndzv6K4b4DFoT4trbMrV,0,R1,0,~1.78e+44,,2.26e+27,,EXTREME,hash scan (SHA256+RIPEMD160 compare),68
149,356811923176489970264571492362373784095686656,713623846352979940529142984724747568191373311,10000000000000000000000000000000000000,1fffffffffffffffffffffffffffffffffffff,1CXvTzR6qv8wJ7eprzUKeWxyGcHwDYP1i2,0,R1,0,~3.57e+44,,4.52e+27,,EXTREME,hash scan (SHA256+RIPEMD160 compare),69
150,713623846352979940529142984724747568191373312,1427247692705959881058285969449495136382746623,20000000000000000000000000000000000000,3fffffffffffffffffffffffffffffffffffff,1MUJSJYtGPVGkBCTqGspnxyHahpt5Te8jy,0,R2,1,,75557863725914323419136,,2.24e+05,EXTREME,interval DLP: Pollard kangaroo / BSGS on exposed pubkey,7
151,1427247692705959881058285969449495136382746624,2854495385411919762116571938898990272765493247,40000000000000000000000000000000000000,7fffffffffffffffffffffffffffffffffffff,13Q84TNNvgcL3HJiqQPvyBb9m4hxjS3jkV,0,R1,0,~1.43e+45,,1.81e+28,,EXTREME,hash scan (SHA256+RIPEMD160 compare),70
152,2854495385411919762116571938898990272765493248,5708990770823839524233143877797980545530986495,80000000000000000000000000000000000000,ffffffffffffffffffffffffffffffffffffff,1LuUHyrQr8PKSvbcY1v1PiuGuqFjWpDumN,0,R1,0,~2.85e+45,,3.62e+28,,EXTREME,hash scan (SHA256+RIPEMD160 compare),71
153,5708990770823839524233143877797980545530986496,11417981541647679048466287755595961091061972991,100000000000000000000000000000000000000,1ffffffffffffffffffffffffffffffffffffff,18192XpzzdDi2K11QVHR7td2HcPS6Qs5vg,0,R1,0,~5.71e+45,,7.24e+28,,EXTREME,hash scan (SHA256+RIPEMD160 compare),72
154,11417981541647679048466287755595961091061972992,22835963083295358096932575511191922182123945983,200000000000000000000000000000000000000,3ffffffffffffffffffffffffffffffffffffff,1NgVmsCCJaKLzGyKLFJfVequnFW9ZvnMLN,0,R1,0,~1.14e+46,,1.45e+29,,EXTREME,hash scan (SHA256+RIPEMD160 compare),73
155,22835963083295358096932575511191922182123945984,45671926166590716193865151022383844364247891967,400000000000000000000000000000000000000,7ffffffffffffffffffffffffffffffffffffff,1AoeP37TmHdFh8uN72fu9AqgtLrUwcv2wJ,0,R2,1,,604462909807314587353088,,1.8e+06,EXTREME,interval DLP: Pollard kangaroo / BSGS on exposed pubkey,10
156,45671926166590716193865151022383844364247891968,91343852333181432387730302044767688728495783935,800000000000000000000000000000000000000,fffffffffffffffffffffffffffffffffffffff,1FTpAbQa4h8trvhQXjXnmNhqdiGBd1oraE,0,R1,0,~4.57e+46,,5.79e+29,,EXTREME,hash scan (SHA256+RIPEMD160 compare),74
157,91343852333181432387730302044767688728495783936,182687704666362864775460604089535377456991567871,1000000000000000000000000000000000000000,1fffffffffffffffffffffffffffffffffffffff,14JHoRAdmJg3XR4RjMDh6Wed6ft6hzbQe9,0,R1,0,~9.13e+46,,1.16e+30,,EXTREME,hash scan (SHA256+RIPEMD160 compare),75
158,182687704666362864775460604089535377456991567872,365375409332725729550921208179070754913983135743,2000000000000000000000000000000000000000,3fffffffffffffffffffffffffffffffffffffff,19z6waranEf8CcP8FqNgdwUe1QRxvUNKBG,0,R1,0,~1.83e+47,,2.32e+30,,EXTREME,hash scan (SHA256+RIPEMD160 compare),76
159,365375409332725729550921208179070754913983135744,730750818665451459101842416358141509827966271487,4000000000000000000000000000000000000000,7fffffffffffffffffffffffffffffffffffffff,14u4nA5sugaswb6SZgn5av2vuChdMnD9E5,0,R1,0,~3.65e+47,,4.63e+30,,EXTREME,hash scan (SHA256+RIPEMD160 compare),77
160,730750818665451459101842416358141509827966271488,1461501637330902918203684832716283019655932542975,8000000000000000000000000000000000000000,ffffffffffffffffffffffffffffffffffffffff,1NBC8uXJy1GiJ6drkiZa1WuKn51ps7EPTv,0,R2,1,,2417851639229258349412352,,7.18e+06,EXTREME,interval DLP: Pollard kangaroo / BSGS on exposed pubkey,13
