index,bits,seed,k,rc,solved,verify,counted,steps,time_s,rate_steps_per_s,wall_ms,staged
0,70,12648430,0x3ddb07f954982df627,0,0,0,0,0,0.0,0.0,0.0,1
1,70,12648431,0x26fc2f9696ba6fdefe,0,0,0,0,0,0.0,0.0,0.0,1
2,70,12648432,0x3c207cef4682d960f3,0,0,0,0,0,0.0,0.0,0.0,1
3,70,12648433,0x218f26ea0e2b2def86,0,0,0,0,0,0.0,0.0,0.0,1
4,70,12648434,0x31519a67643e57a5fe,0,0,0,0,0,0.0,0.0,0.0,1
5,70,12648435,0x255f3882f818f48098,0,0,0,0,0,0.0,0.0,0.0,1
6,70,12648436,0x37d5d32986fe24a6a5,0,0,0,0,0,0.0,0.0,0.0,1
7,70,12648437,0x3dc8c1253cc8018e27,0,0,0,0,0,0.0,0.0,0.0,1
8,70,12648438,0x3aa6a6aad7cf8c7ac9,0,0,0,0,0,0.0,0.0,0.0,1
9,70,12648439,0x26a81b36ef2bcd894c,0,0,0,0,0,0.0,0.0,0.0,1
