bits,threads,rep,found,steps,time_ms,rate_steps_per_s,verify
20,4,3,1,49066,713.40,6.88e+04,1
21,4,3,1,61371,807.02,7.60e+04,1
22,4,3,1,65983,872.94,7.56e+04,1
23,4,3,1,73655,976.52,7.54e+04,1
24,4,3,1,61197,861.74,7.10e+04,1
25,4,3,1,324669,4615.05,7.03e+04,1
26,4,3,1,50877,715.54,7.11e+04,1
27,4,3,1,23269,324.95,7.16e+04,1
28,4,3,1,136989,1930.30,7.10e+04,1
29,4,3,1,145589,2054.77,7.09e+04,1
30,4,3,1,237477,3366.12,7.05e+04,1
31,4,3,1,245443,3521.46,6.97e+04,1
32,4,3,1,333621,4773.68,6.99e+04,1
33,4,3,1,496169,7170.94,6.92e+04,1
34,4,3,1,928529,13336.53,6.96e+04,1
