db,cfg,seed,kanga_steps,bsgs_steps,ratio_k_b,ok
16,default,20260922,81464,488,166.934,1
16,default,20260923,37160,346,107.399,1
16,default,20260924,26345,261,100.939,1
16,dp-shallow,20260922,21786,488,44.643,1
16,dp-shallow,20260923,2735,346,7.905,1
16,dp-shallow,20260924,11841,261,45.368,1
16,dp-lite,20260922,102218,488,209.463,1
16,dp-lite,20260923,9549,346,27.598,1
16,dp-lite,20260924,16592,261,63.571,1
16,many-w,20260922,125389,488,256.945,1
16,many-w,20260923,25205,346,72.847,1
16,many-w,20260924,167842,261,643.073,1
16,wide-jump,20260922,43569,488,89.281,1
16,wide-jump,20260923,23128,346,66.844,1
16,wide-jump,20260924,42233,261,161.812,1
16,shortcap,20260922,221827,488,454.564,1
16,shortcap,20260923,31097,346,89.876,1
16,shortcap,20260924,58973,261,225.950,1
18,default,20260922,131848,976,135.090,1
18,default,20260923,107322,690,155.539,1
18,default,20260924,24320,521,46.679,1
18,dp-shallow,20260922,50163,976,51.397,1
18,dp-shallow,20260923,12114,690,17.557,1
18,dp-shallow,20260924,18815,521,36.113,1
18,dp-lite,20260922,104211,976,106.774,1
18,dp-lite,20260923,77526,690,112.357,1
18,dp-lite,20260924,49094,521,94.230,1
18,many-w,20260922,618532,976,633.742,1
18,many-w,20260923,125624,690,182.064,1
18,many-w,20260924,260371,521,499.752,1
18,wide-jump,20260922,97530,976,99.928,1
18,wide-jump,20260923,27510,690,39.870,1
18,wide-jump,20260924,73430,521,140.940,1
18,shortcap,20260922,458752,976,470.033,0
18,shortcap,20260923,59038,690,85.562,1
18,shortcap,20260924,136940,521,262.841,1
20,default,20260922,303482,1950,155.632,1
20,default,20260923,89392,1379,64.824,1
20,default,20260924,96305,1041,92.512,1
20,dp-shallow,20260922,46364,1950,23.776,1
20,dp-shallow,20260923,22178,1379,16.083,1
20,dp-shallow,20260924,20833,1041,20.012,1
20,dp-lite,20260922,176213,1950,90.366,1
20,dp-lite,20260923,105252,1379,76.325,1
20,dp-lite,20260924,70376,1041,67.604,1
20,many-w,20260922,556624,1950,285.448,1
20,many-w,20260923,356114,1379,258.241,1
20,many-w,20260924,481898,1041,462.918,1
20,wide-jump,20260922,624993,1950,320.509,1
20,wide-jump,20260923,76283,1379,55.318,1
20,wide-jump,20260924,21289,1041,20.451,1
20,shortcap,20260922,170286,1950,87.326,1
20,shortcap,20260923,130201,1379,94.417,1
20,shortcap,20260924,622470,1041,597.954,1
22,default,20260922,419276,3900,107.507,1
22,default,20260923,349252,2757,126.678,1
22,default,20260924,245815,2081,118.123,1
22,dp-shallow,20260922,113223,3900,29.032,1
22,dp-shallow,20260923,36981,2757,13.413,1
22,dp-shallow,20260924,35244,2081,16.936,1
22,dp-lite,20260922,879899,3900,225.615,1
22,dp-lite,20260923,147465,2757,53.487,1
22,dp-lite,20260924,180879,2081,86.919,1
22,many-w,20260922,1014498,3900,260.128,1
22,many-w,20260923,237416,2757,86.114,1
22,many-w,20260924,838961,2081,403.153,1
22,wide-jump,20260922,383853,3900,98.424,1
22,wide-jump,20260923,145831,2757,52.895,1
22,wide-jump,20260924,189951,2081,91.279,1
22,shortcap,20260922,1638400,3900,420.103,0
22,shortcap,20260923,558531,2757,202.587,1
22,shortcap,20260924,784581,2081,377.021,1
24,default,20260922,379132,7800,48.607,1
24,default,20260923,156067,5512,28.314,1
24,default,20260924,353342,4160,84.938,1
24,dp-shallow,20260922,377606,7800,48.411,1
24,dp-shallow,20260923,147716,5512,26.799,1
24,dp-shallow,20260924,212146,4160,50.997,1
24,dp-lite,20260922,1053160,7800,135.021,1
24,dp-lite,20260923,153641,5512,27.874,1
24,dp-lite,20260924,870446,4160,209.242,1
24,many-w,20260922,4165028,7800,533.978,1
24,many-w,20260923,1680797,5512,304.934,1
24,many-w,20260924,1058810,4160,254.522,1
24,wide-jump,20260922,662640,7800,84.954,1
24,wide-jump,20260923,514760,5512,93.389,1
24,wide-jump,20260924,162268,4160,39.007,1
24,shortcap,20260922,2700234,7800,346.184,1
24,shortcap,20260923,732041,5512,132.809,1
24,shortcap,20260924,1661677,4160,399.442,1
