layer,db,l,N,method,seed,steps,ok,ms_ms,ops_per_sec,verified,memo_est
L1,10,1093,1024,bsgs,20260922,62,1,0.148,417789.8,1,32
L1,10,1093,1024,bsgs,20260923,44,1,0.100,439560.4,1,32
L1,10,1093,1024,bsgs,20260924,34,1,0.093,365198.7,1,32
L1,10,1093,1024,kanga,20260922,-1,0,1.408,,0,0
L1,10,1093,1024,kanga,20260923,2352,1,6.359,369886.9,1,0
L1,10,1093,1024,kanga,20260924,-1,0,4.650,,0,0
L1,12,4243,4096,bsgs,20260922,122,1,0.289,422145.3,1,64
L1,12,4243,4096,bsgs,20260923,87,1,0.201,433698.9,1,64
L1,12,4243,4096,bsgs,20260924,66,1,0.152,434210.5,1,64
L1,12,4243,4096,kanga,20260922,-1,0,1.445,,0,0
L1,12,4243,4096,kanga,20260923,-1,0,3.484,,0,0
L1,12,4243,4096,kanga,20260924,-1,0,12.359,,0,0
L1,14,16693,16384,bsgs,20260922,244,1,0.418,583871.7,1,128
L1,14,16693,16384,bsgs,20260923,173,1,0.299,578208.6,1,128
L1,14,16693,16384,bsgs,20260924,131,1,0.231,566364.0,1,128
L1,14,16693,16384,kanga,20260922,-1,0,6.450,,0,0
L1,14,16693,16384,kanga,20260923,636,1,3.254,195445.7,1,0
L1,14,16693,16384,kanga,20260924,-1,0,7.790,,0,0
L1,16,65173,65536,bsgs,20260922,488,1,0.869,561435.8,1,256
L1,16,65173,65536,bsgs,20260923,346,1,0.597,579467.4,1,256
L1,16,65173,65536,bsgs,20260924,261,1,0.450,579613.6,1,256
L1,16,65173,65536,kanga,20260922,7111,1,21.794,326281.0,1,0
L1,16,65173,65536,kanga,20260923,9973,1,30.431,327727.2,1,0
L1,16,65173,65536,kanga,20260924,-1,0,42.527,,0,0
L1,18,262567,262144,bsgs,20260922,976,1,1.678,581783.5,1,512
L1,18,262567,262144,bsgs,20260923,690,1,1.179,585440.4,1,512
L1,18,262567,262144,bsgs,20260924,521,1,1.078,483257.6,1,512
L1,18,262567,262144,kanga,20260922,-1,0,71.654,,0,0
L1,18,262567,262144,kanga,20260923,-1,0,14.775,,0,0
L1,18,262567,262144,kanga,20260924,52448,1,156.573,334975.0,1,0
L1,20,1050337,1048576,bsgs,20260922,1950,1,4.252,458575.4,1,1024
L1,20,1050337,1048576,bsgs,20260923,1379,1,3.080,447727.3,1,1024
L1,20,1050337,1048576,bsgs,20260924,1041,1,2.144,485563.7,1,1024
L1,20,1050337,1048576,kanga,20260922,23496,1,74.140,316913.1,1,0
L1,20,1050337,1048576,kanga,20260923,92938,1,285.202,325867.5,1,0
L1,20,1050337,1048576,kanga,20260924,66178,1,201.213,328895.1,1,0
L1,22,4197601,4194304,bsgs,20260922,3900,1,7.484,521104.7,1,2048
L1,22,4197601,4194304,bsgs,20260923,2757,1,4.890,563849.8,1,2048
L1,22,4197601,4194304,bsgs,20260924,2081,1,4.518,460571.5,1,2048
L1,22,4197601,4194304,kanga,20260922,31577,1,101.810,310156.2,1,0
L1,22,4197601,4194304,kanga,20260923,39751,1,124.515,319247.2,1,0
L1,22,4197601,4194304,kanga,20260924,107800,1,346.477,311132.1,1,0
L2,22,4294835173,4194304,bsgs,20260922,3900,1,11.638,335097.6,1,2048
L2,22,4294835173,4194304,bsgs,20260923,2757,1,8.745,315251.4,1,2048
L2,22,4294835173,4194304,bsgs,20260924,2081,1,6.600,315312.6,1,2048
L2,22,4294835173,4194304,kanga,20260922,419276,1,2103.376,199334.8,1,0
L2,22,4294835173,4194304,kanga,20260923,349252,1,1812.013,192742.5,1,0
L2,22,4294835173,4194304,kanga,20260924,245815,1,1222.423,201088.3,1,0
L2,24,4294835173,16777216,bsgs,20260922,7800,1,23.135,337154.4,1,4096
L2,24,4294835173,16777216,bsgs,20260923,5512,1,16.391,336286.2,1,4096
L2,24,4294835173,16777216,bsgs,20260924,4160,1,13.837,300636.7,1,4096
L2,24,4294835173,16777216,kanga,20260922,379132,1,1973.443,192117.0,1,0
L2,24,4294835173,16777216,kanga,20260923,156067,1,801.432,194735.3,1,0
L2,24,4294835173,16777216,kanga,20260924,353342,1,1886.916,187259.0,1,0
L2,26,4294835173,67108864,bsgs,20260922,15599,1,46.019,338971.6,1,8192
L2,26,4294835173,67108864,bsgs,20260923,11023,1,33.836,325773.4,1,8192
L2,26,4294835173,67108864,bsgs,20260924,8319,1,24.185,343975.0,1,8192
L2,26,4294835173,67108864,kanga,20260922,1995706,1,10093.398,197723.9,1,0
L2,26,4294835173,67108864,kanga,20260923,639905,1,3222.095,198599.0,1,0
L2,26,4294835173,67108864,kanga,20260924,114917,1,573.138,200504.9,1,0
L2,28,4294835173,268435456,bsgs,20260922,31198,1,84.944,367276.4,1,16384
L2,28,4294835173,268435456,bsgs,20260923,22044,1,61.023,361240.3,1,16384
L2,28,4294835173,268435456,bsgs,20260924,16636,1,43.841,379457.8,1,16384
L2,28,4294835173,268435456,kanga,20260922,-1,0,0.000,,0,0
L2,28,4294835173,268435456,kanga,20260923,-1,0,0.000,,0,0
L2,28,4294835173,268435456,kanga,20260924,-1,0,0.000,,0,0
L2,30,4294835173,1073741824,bsgs,20260922,62395,1,180.453,345769.3,1,32768
L2,30,4294835173,1073741824,bsgs,20260923,44088,1,120.415,366133.8,1,32768
L2,30,4294835173,1073741824,bsgs,20260924,33270,1,89.662,371059.4,1,32768
L2,30,4294835173,1073741824,kanga,20260922,-1,0,0.000,,0,0
L2,30,4294835173,1073741824,kanga,20260923,-1,0,0.000,,0,0
L2,30,4294835173,1073741824,kanga,20260924,-1,0,0.000,,0,0
