db,K,rep,first_hit_steps,ok,ms_ms,verified,note
14,1,0,10279,1,39.388,1,
14,1,1,1845,1,7.274,1,
14,1,2,5075,1,18.748,1,
14,1,3,2753,1,11.708,1,
14,2,0,3471,1,12.856,1,
14,2,1,7861,1,29.770,1,
14,2,2,26838,1,110.708,1,
14,2,3,5935,1,22.304,1,
14,4,0,8139,1,32.447,1,
14,4,1,874,1,3.254,1,
14,4,2,8601,1,45.531,1,
14,4,3,6037,1,29.080,1,
14,8,0,3625,1,20.525,1,
14,8,1,3863,1,42.763,1,
14,8,2,1801,1,17.944,1,
14,8,3,1738,1,13.039,1,
14,16,0,2095,1,19.874,1,
14,16,1,11033,1,114.872,1,
14,16,2,9527,1,97.360,1,
14,16,3,1603,1,15.832,1,
16,1,0,4212,1,61.691,1,
16,1,1,6936,1,64.912,1,
16,1,2,52296,1,696.068,1,
16,1,3,13941,1,231.136,1,
16,2,0,15273,1,238.875,1,
16,2,1,7280,1,131.294,1,
16,2,2,14533,1,84.308,1,
16,2,3,27353,1,125.303,1,
16,4,0,45993,1,251.286,1,
16,4,1,20543,1,83.182,1,
16,4,2,13451,1,53.811,1,
16,4,3,8539,1,36.354,1,
16,8,0,2259,1,8.844,1,
16,8,1,2695,1,10.852,1,
16,8,2,1995,1,8.375,1,
16,8,3,6763,1,26.336,1,
16,16,0,4952,1,19.043,1,
16,16,1,28093,1,112.764,1,
16,16,2,8881,1,36.613,1,
16,16,3,53424,1,214.242,1,
18,1,0,31685,1,122.415,1,
18,1,1,7625,1,29.405,1,
18,1,2,24503,1,95.005,1,
18,1,3,25023,1,99.759,1,
18,2,0,22167,1,99.191,1,
18,2,1,36791,1,168.090,1,
18,2,2,33673,1,149.447,1,
18,2,3,7047,1,32.832,1,
18,4,0,28931,1,131.550,1,
18,4,1,9026,1,41.107,1,
18,4,2,16513,1,76.000,1,
18,4,3,5957,1,26.722,1,
18,8,0,19730,1,86.837,1,
18,8,1,15281,1,68.757,1,
18,8,2,8301,1,36.878,1,
18,8,3,6193,1,28.304,1,
18,16,0,17549,1,78.676,1,
18,16,1,49245,1,220.402,1,
18,16,2,14865,1,65.662,1,
18,16,3,31353,1,123.886,1,
