probe,db,steps,sec,ok
E1.bsgs-fallback,10,39,0.0,1
E1.GLV-decomp,10,171,1,1
E1.bsgs-fallback,12,88,0.0,1
E1.GLV-decomp,12,1450,1,1
E1.bsgs-fallback,14,240,0.001,1
E1.GLV-decomp,14,14269,1,1
E1.bsgs-fallback,16,457,0.001,1
E1.GLV-decomp,16,-13024,0,0
E1.bsgs-fallback,18,880,0.0016,1
E1.GLV-decomp,18,-4933,0,0
E2.bulk-bsgs,10,20.4,33,1
E2.ind-5x,10,53.4,-1,1
E2.bulk-bsgs,12,25.0,65,1
E2.ind-5x,12,90.0,-1,1
E2.bulk-bsgs,14,79.4,129,1
E2.ind-5x,14,208.4,-1,1
E2.bulk-bsgs,16,78.2,257,1
E2.ind-5x,16,335.2,-1,1
E2.bulk-bsgs,18,283.8,513,1
E2.ind-5x,18,796.8,-1,1
E3.rho-mb8-R1,16,562676,2.32,-1
E3.rho-mb8-R4,16,1008081,4.09,-1
E3.rho-mb12-R1,16,748445,2.29,-1
E3.rho-mb12-R4,16,1778674,5.52,-1
E3.rho-mb14-R1,16,1098802,3.32,-1
E3.rho-mb14-R4,16,2895232,8.83,-1
E4.kanga-W16-b6-K16,12,449,0.0,1
E4.kanga-W32-b6-K32,12,644,0.01,1
E4.kanga-W64-b8-K32,12,534,0.0,1
E4.kanga-W128-b8-K64,12,402,0.01,1
E4.kanga-W16-b6-K16,14,1405,0.01,1
E4.kanga-W32-b6-K32,14,711,0.01,1
E4.kanga-W64-b8-K32,14,446,0.01,1
E4.kanga-W128-b8-K64,14,2045,0.02,1
E4.kanga-W16-b6-K16,16,1555,0.01,1
E4.kanga-W32-b6-K32,16,1928,0.01,1
E4.kanga-W64-b8-K32,16,4301,0.02,1
E4.kanga-W128-b8-K64,16,1872,0.02,1
